Date,Time,Spedn,Gemini,Lightning,SpednAPY,GeminiAPY,LightningAPY,Change +/-
3/16/2022,15:00,3361552448,15247000665,9245759342,4.07%,2.39%,4.44%,
3/16/2022,16:00,3361567319,15247043872,9246045812,4.07%,2.39%,4.44%,
3/16/2022,17:00,3361583653,15247082874,9246094644,4.07%,2.39%,4.44%,
3/16/2022,18:00,3361602050,15247123308,9247709486,4.07%,2.39%,4.44%,
3/16/2022,19:00,3361617842,15247059381,9247786739,4.07%,2.39%,4.44%,
3/16/2022,20:00,3361634384,15247103300,9247830446,4.07%,2.39%,4.44%,
3/16/2022,21:00,3361648621,15247148577,9247875098,4.07%,2.39%,4.44%,
3/16/2022,22:00,3361664855,15247187323,9247924285,4.07%,2.39%,4.44%,
3/16/2022,23:00,3361678373,15247229032,9248273225,4.07%,2.39%,4.44%,
3/17/2022,0:00,3361694039,15247272054,9248318703,4.07%,2.39%,4.44%,
3/17/2022,1:00,3361710687,15247311027,9248385127,4.07%,2.39%,4.44%,
3/17/2022,2:00,3361725258,15247350692,9250475462,4.07%,2.39%,4.44%,
3/17/2022,3:00,3361739619,15247390358,9250686362,4.07%,2.39%,4.44%,
3/17/2022,4:00,3361754298,15247430561,9251294252,4.07%,2.39%,4.44%,
3/17/2022,5:00,3361768993,15247473206,9251347443,4.07%,2.39%,4.44%,
3/17/2022,6:00,3361784876,15247516042,9251392892,4.07%,2.39%,4.44%,
3/17/2022,7:00,3361799336,15247220390,9251778250,4.07%,2.39%,4.44%,
3/17/2022,8:00,3361815180,15247264350,9251822613,4.07%,2.39%,4.44%,
3/17/2022,9:00,3361830832,15247308739,9251866738,4.07%,2.39%,4.44%,
3/17/2022,10:00,3361844917,15247350674,9252061854,4.07%,2.39%,4.44%,
3/17/2022,11:00,3361860131,15247391692,9252109788,4.07%,2.39%,4.44%,
3/17/2022,12:00,3361876135,15247433548,9252156095,4.07%,2.39%,4.44%,
3/17/2022,13:00,3361893474,15247473241,9252203230,4.07%,2.39%,4.44%,
3/17/2022,14:00,3361907539,15247514871,9252251701,4.07%,2.39%,4.44%,
3/17/2022,15:00,3361921465,15247556944,9252299870,4.07%,2.39%,4.44%,
3/17/2022,16:00,3361937496,15247599565,9252345383,4.07%,2.39%,4.44%,
3/17/2022,17:00,3361953137,15247640472,9358223807,4.07%,2.39%,4.39%,
3/17/2022,18:00,3361968765,15247681519,9358290963,4.07%,2.39%,4.39%,
3/17/2022,19:00,3361984587,15247723437,9357507219,4.07%,2.39%,4.39%,
3/17/2022,20:00,3361998979,15247764215,9358060626,4.07%,2.39%,4.39%,
3/17/2022,21:00,3362015002,15247806083,9358106902,4.07%,2.39%,4.39%,
3/17/2022,22:00,3362030163,15247848627,9358140077,4.07%,2.39%,4.39%,
3/17/2022,23:00,3362046890,15247887913,9358188230,4.07%,2.39%,4.39%,
3/18/2022,0:00,3362061161,15247932255,9358233783,4.07%,2.39%,4.39%,
3/18/2022,1:00,3362076107,15247972752,9358282507,4.07%,2.39%,4.39%,
3/18/2022,2:00,3362090741,15248017110,9358605125,4.07%,2.39%,4.39%,
3/18/2022,3:00,3362105900,15248066278,9358648025,4.07%,2.39%,4.39%,
3/18/2022,4:00,3362120428,15248096628,9358697212,4.07%,2.39%,4.39%,
3/18/2022,5:00,3362135694,15248133291,9358749450,4.07%,2.39%,4.39%,
3/18/2022,6:00,3362150806,15248177434,9358589362,4.07%,2.39%,4.39%,
3/18/2022,7:00,3362166442,15248218933,9358644347,4.07%,2.39%,4.39%,
3/18/2022,8:48,3362198909,15248299933,9358778591,4.07%,2.39%,4.39%,
3/18/2022,9:00,3362198909,15248299933,9358778591,4.07%,2.39%,4.39%,
3/18/2022,10:00,3362215304,15248342964,9359004663,4.07%,2.39%,4.39%,
3/18/2022,11:00,3362231821,15248383795,9359092734,4.07%,2.39%,4.39%,
3/18/2022,12:00,3361659623,15248568760,9359150830,4.07%,2.39%,4.39%,
3/18/2022,13:00,3361674515,15248614968,9359471895,4.07%,2.39%,4.39%,
3/18/2022,14:00,3361690853,15248654146,9359520545,4.07%,2.39%,4.39%,
3/18/2022,15:00,3361705913,15248700842,9359562956,4.07%,2.39%,4.39%,
3/18/2022,16:00,3361721975,15248738789,9359620187,4.07%,2.39%,4.39%,
3/18/2022,17:00,3361736126,15248776089,9359749351,4.07%,2.39%,4.39%,
3/18/2022,18:00,3361753488,15248815502,9360523611,4.07%,2.55%,4.39%,
3/18/2022,19:00,3361769062,15248854750,9360572956,4.07%,2.55%,4.39%,
3/18/2022,20:00,3361783188,15248897803,9360660056,4.07%,2.55%,4.39%,
3/18/2022,21:00,3361799726,15248942700,9360702787,4.07%,2.55%,4.39%,
3/18/2022,22:00,3361816622,15248985976,9360750320,4.07%,2.55%,4.39%,
3/18/2022,23:00,3361881196,15249028271,9360923919,4.07%,2.55%,4.39%,
3/19/2022,0:00,3361896865,15249070243,9361237204,4.07%,2.55%,4.39%,
3/19/2022,1:00,3361910671,15249124469,9361373819,4.07%,2.55%,4.39%,
3/19/2022,2:00,3361926684,15249153807,9361460287,4.07%,2.55%,4.39%,
3/19/2022,3:00,3361942018,15249196418,9361559171,4.07%,2.55%,4.39%,
3/19/2022,4:00,3361959581,15249236277,9361656948,4.07%,2.55%,4.39%,
3/19/2022,5:00,3361973131,15249261314,9362246238,4.07%,2.55%,4.39%,
3/19/2022,6:00,3361988937,15249300381,9362300357,4.07%,2.55%,4.39%,
3/19/2022,7:00,3362007241,15249337663,9362348939,4.07%,2.55%,4.39%,
3/19/2022,8:00,3362023836,15249378082,9362432849,4.07%,2.55%,4.39%,
3/19/2022,9:00,3362039040,15249417904,9362479308,4.07%,2.55%,4.39%,
3/19/2022,10:00,3362056021,15249463373,9362608363,4.07%,2.55%,4.39%,
3/19/2022,11:00,3362070486,15249495734,9362854683,4.07%,2.55%,4.39%,
3/19/2022,12:00,3362087059,15249538359,9362899652,4.07%,2.55%,4.39%,
3/19/2022,13:00,3362102930,15249582180,9362944127,4.07%,2.55%,4.39%,
3/19/2022,14:00,3366595510,15249622703,9358676946,4.07%,2.55%,4.39%,
3/19/2022,15:00,3366613252,15249664066,9358722007,4.07%,2.55%,4.39%,
3/19/2022,16:00,3366628287,15249702132,9358973073,4.07%,2.55%,4.39%,
3/19/2022,17:00,3366646321,15249745347,9359517605,4.07%,2.55%,4.39%,
3/19/2022,18:00,3366720472,14296483402,9359568936,4.07%,2.55%,4.39%,
3/19/2022,19:00,3366737669,14273469930,9359619378,4.07%,2.55%,4.39%,
3/19/2022,20:00,3366751227,14273517371,9359686628,4.07%,2.55%,4.39%,
3/19/2022,21:00,3366765611,14273557450,9359736332,4.07%,2.55%,4.39%,
3/19/2022,22:00,3366782091,14273594771,9359826063,4.07%,2.55%,4.39%,
3/19/2022,23:00,3366798811,14273634139,9360034887,4.07%,2.55%,4.39%,
3/20/2022,0:00,3366815943,14273643708,9360086758,4.07%,2.55%,4.39%,
3/20/2022,1:00,3366831349,14273689170,9362227608,4.07%,2.55%,4.39%,
3/20/2022,2:00,3366846307,14273717751,9362825608,4.07%,2.55%,4.39%,
3/20/2022,3:00,3366861969,14273744779,9363847494,4.07%,2.55%,4.38%,
3/20/2022,5:00,3366893507,14273831245,9366153966,4.07%,2.55%,4.38%,
3/20/2022,6:00,3366939153,14273867949,9366175782,4.07%,2.55%,4.38%,
3/20/2022,7:00,3366956978,14273911678,9366218395,4.06%,2.55%,4.38%,
3/20/2022,8:00,3366981195,14273961029,9366159131,4.06%,2.55%,4.38%,
3/20/2022,9:00,3366999513,14273953739,9366312758,4.06%,2.55%,4.38%,
3/20/2022,10:00,3367014993,14273993666,9366761518,4.06%,2.55%,4.38%,
3/20/2022,11:00,3367100456,14274034747,9366809392,4.06%,2.55%,4.38%,
3/20/2022,12:00,3367114186,14274083013,9367191693,4.06%,2.55%,4.38%,
3/20/2022,13:00,3367128970,14274123180,9367038213,4.06%,2.55%,4.38%,
3/20/2022,14:00,3367137754,14274201871,9367084041,4.06%,2.55%,4.38%,
3/20/2022,15:00,3367152618,14273291630,9368127395,4.06%,2.55%,4.38%,
3/20/2022,16:00,3367171284,14273332268,9368172258,4.06%,2.55%,4.38%,
3/20/2022,17:00,3367186084,14273374599,9368273294,4.06%,2.55%,4.38%,
3/20/2022,18:00,3367202422,14272384094,9369351628,4.06%,2.55%,4.38%,
3/20/2022,19:00,3367217479,14272426322,9369398509,4.06%,2.55%,4.38%,
3/20/2022,20:00,3367232829,14272467357,9369503570,4.06%,2.55%,4.38%,
3/20/2022,21:00,3367247046,14272512814,9369548062,4.06%,2.55%,4.38%,
3/20/2022,22:00,3367261702,14272556995,9369590607,4.06%,2.55%,4.38%,
3/20/2022,23:00,3367351941,14272596247,9369779103,4.06%,2.55%,4.38%,
3/21/2022,0:00,3367366221,14272630829,9369830001,4.06%,2.55%,4.38%,
3/21/2022,1:00,3367382203,14272463415,9369802560,4.06%,2.55%,4.38%,
3/21/2022,2:00,3367396594,14272504811,9369865920,4.06%,2.55%,4.38%,
3/21/2022,3:00,3368002857,14272548168,9369912968,4.06%,2.55%,4.38%,
3/21/2022,4:00,3368020245,14272584827,9369963088,4.06%,2.55%,4.38%,
3/21/2022,5:00,3368034899,14272597939,9370594287,4.06%,2.55%,4.38%,
3/21/2022,6:00,3368049359,14272637512,9370643399,4.06%,2.55%,4.38%,
3/21/2022,7:00,3368066327,14272678595,9370689515,4.06%,2.55%,4.38%,
3/21/2022,8:00,3368080798,14272722951,9370434855,4.06%,2.55%,4.38%,
3/21/2022,9:00,3368096776,14272768129,9370477865,4.06%,2.55%,4.38%,
3/21/2022,10:00,3368103295,14272808861,9370546715,4.06%,2.55%,4.38%,
3/21/2022,11:00,3368118049,14272849721,9370595268,4.06%,2.55%,4.38%,
3/21/2022,12:00,3368132366,14272891464,9370643374,4.06%,2.55%,4.38%,
3/21/2022,13:00,3368147283,14272931447,9370692641,4.06%,2.55%,4.38%,
3/21/2022,14:00,3368163549,14272877146,9370484842,4.06%,2.55%,4.38%,
3/21/2022,15:00,3368170907,14272919241,9370532866,4.06%,2.55%,4.38%,
3/21/2022,16:00,3368184878,14272958504,9370683799,4.06%,2.55%,4.38%,
3/21/2022,17:00,3368201859,14272996988,9370732501,4.06%,2.55%,4.38%,
3/21/2022,18:00,3368216948,14273039121,9370779446,4.06%,2.55%,4.38%,
3/21/2022,19:00,3368234055,14273078649,9370826977,4.06%,2.55%,4.38%,
3/21/2022,20:00,3368248458,14273118985,9370876404,4.06%,2.55%,4.38%,
3/21/2022,21:00,3368262805,14273164900,9370920309,4.06%,2.55%,4.38%,
3/21/2022,22:00,3368278289,14273202032,9370971860,4.06%,2.55%,4.38%,
3/21/2022,23:00,3368295190,14273244085,9374360743,4.06%,2.55%,4.38%,
3/22/2022,0:00,3368311674,14273282523,9374409988,4.06%,2.55%,4.38%,
3/22/2022,1:00,3368325361,14273324222,9374458768,4.06%,2.55%,4.38%,
3/22/2022,2:00,3368325913,14273363761,9375403098,4.06%,2.55%,4.38%,
3/22/2022,3:00,3368341624,14273405089,9375450225,4.06%,2.55%,4.38%,
3/22/2022,4:00,3368357635,14273442913,9375494229,4.06%,2.55%,4.38%,
3/22/2022,5:00,3368374547,14273483427,9375608255,4.06%,2.55%,4.38%,
3/22/2022,6:00,3368391258,14273505872,9375651618,4.06%,2.55%,4.38%,
3/22/2022,7:00,3368408617,14273550841,9375227658,4.06%,2.55%,4.38%,
3/22/2022,8:00,3368424331,14273592540,9376050997,4.06%,2.55%,4.38%,
3/22/2022,9:00,3368439097,14273631729,9376101208,4.06%,2.55%,4.38%,
3/22/2022,10:00,3368453240,14273674772,9376148189,4.06%,2.55%,4.38%,
3/22/2022,11:00,3368468898,14273716712,9376266638,4.06%,2.55%,4.38%,
3/22/2022,12:00,3368485758,14273755572,9376315086,4.06%,2.55%,4.38%,
3/22/2022,13:00,3368501268,14273800176,9376359138,4.06%,2.55%,4.38%,
3/22/2022,14:00,3368516467,14273847043,9376416478,4.06%,2.55%,4.38%,
3/22/2022,15:00,3368534080,14273886625,9376463449,4.06%,2.55%,4.38%,
3/22/2022,16:00,3368550188,14273928923,9376509211,4.06%,2.55%,4.38%,
3/22/2022,17:00,3368541908,14273968139,9376567253,4.06%,2.55%,4.38%,
3/22/2022,18:00,3368557924,14274009562,9376613980,4.06%,2.55%,4.38%,
3/22/2022,19:00,3368573182,14274047193,9376665258,4.06%,2.55%,4.38%,
3/22/2022,20:00,3368586952,14274089327,9376989975,4.06%,2.55%,4.38%,
3/22/2022,21:00,3368602321,14274132496,9377035603,4.06%,2.55%,4.38%,
3/22/2022,22:00,3368619583,14274171942,9377083063,4.06%,2.55%,4.38%,
3/22/2022,23:00,3368634907,14274214621,9377129225,4.06%,2.55%,4.38%,
3/23/2022,0:00,3368652262,14274258036,9377172622,4.06%,2.55%,4.38%,
3/23/2022,1:00,3368667764,14274303505,9377215818,4.06%,2.55%,4.38%,
3/23/2022,2:00,3368683978,14274342428,9377370848,4.06%,2.55%,4.38%,
3/23/2022,3:00,3368699055,14274384386,9377389421,4.06%,2.55%,4.38%,
3/23/2022,4:00,3368666659,14274426540,9377152322,4.06%,2.55%,4.38%,
3/23/2022,5:00,3368683972,14274469660,9377196055,4.06%,2.55%,4.38%,
3/23/2022,6:00,3368699103,14274511539,9377268886,4.06%,2.55%,4.38%,
3/23/2022,7:00,3368715603,14274554594,9377313500,4.06%,2.55%,4.38%,
3/23/2022,8:00,3368729439,14274596059,9377362365,4.06%,2.55%,4.38%,
3/23/2022,9:00,3368745124,14274534971,9377409727,4.06%,2.55%,4.38%,
3/23/2022,10:00,3368761127,14274576555,9377456307,4.06%,2.55%,4.38%,
3/23/2022,11:00,3368775706,14274616666,9377505783,4.06%,2.55%,4.38%,
3/23/2022,12:00,3368790330,14274662062,9385294500,4.06%,2.55%,4.37%,
3/23/2022,13:00,3368806881,14274703418,9385340760,4.06%,2.55%,4.37%,
3/23/2022,14:00,3368821616,14274751423,9384855727,4.06%,2.55%,4.37%,
3/23/2022,15:00,3368837873,14274785833,9384906562,4.06%,2.55%,4.37%,
3/23/2022,16:00,3368853729,14274823610,9384957095,4.06%,2.55%,4.37%,
3/23/2022,17:53,3368889282,14274906511,9385050771,4.06%,2.55%,4.37%,
3/23/2022,18:00,3368889282,14274906511,9385050771,4.06%,2.55%,4.37%,
3/23/2022,19:00,3368904634,14274916267,9385095600,4.06%,2.55%,4.37%,
3/23/2022,20:00,3368920126,14274957193,9385070961,4.06%,2.55%,4.37%,
3/23/2022,21:00,3368936683,14274997918,9385117846,4.06%,2.55%,4.37%,
3/23/2022,22:00,3368951725,14275036879,9385168009,4.06%,2.55%,4.37%,
3/23/2022,23:00,3368966685,14275079235,9385214860,4.06%,2.55%,4.37%,
3/24/2022,0:00,3369082911,14275120199,9383264489,4.06%,2.55%,4.38%,
3/24/2022,1:00,3369097683,14275165616,9383206351,4.06%,2.55%,4.38%,
3/24/2022,2:00,3369114538,14275205416,9384070338,4.06%,2.55%,4.38%,
3/24/2022,3:00,3369131015,14275248743,9384085067,4.06%,2.55%,4.38%,
3/24/2022,4:00,3369145138,14275290276,9383603491,4.06%,2.55%,4.38%,
3/24/2022,5:00,3369160932,14275328226,9383691158,4.06%,2.55%,4.38%,
3/24/2022,6:00,3369178074,14275368216,9383793676,4.06%,2.55%,4.38%,
3/24/2022,7:00,3369190464,14275370853,9383841393,4.06%,2.55%,4.38%,
3/24/2022,8:00,3369208095,14275406147,9383892634,4.06%,2.55%,4.38%,
3/24/2022,9:00,3369225569,14275446945,9383974551,4.06%,2.55%,4.38%,
3/24/2022,10:00,3369441631,14274989737,9384010262,4.06%,2.55%,4.38%,
3/24/2022,11:04,3369459293,14275043067,9384069478,4.06%,2.55%,4.38%,
3/24/2022,12:00,3369471198,14275047317,9383840746,4.06%,2.55%,4.38%,
3/24/2022,13:00,3369486974,14275089332,9383957323,4.06%,2.55%,4.38%,
3/24/2022,14:00,3369503702,14275130874,9384003220,4.06%,2.55%,4.38%,
03/24/22,15:00,3369519177,14275173932,9383997903,4.06% ,2.55% ,4.38% ,
03/24/22,16:00,3369534694,14275213526,9384040511,4.06% ,2.55% ,4.38% ,
03/24/22,17:00,3369550472,14275253102,9384089324,4.06% ,2.55% ,4.37% ,
03/24/22,18:00,3369564321,14275292393,9383895217,4.06% ,2.55% ,4.38% ,
03/24/22,19:00,3369578037,14275335419,9383994130,4.06% ,2.55% ,4.38% ,
03/24/22,20:00,3369594188,14275376491,9384041073,4.06% ,2.55% ,4.38% ,
03/24/22,21:00,3369610589,14275416773,9384088557,4.06% ,2.55% ,4.38% ,
03/24/22,22:03,3369627856,14275462453,9384079718,4.06% ,2.55% ,4.37% ,
03/24/22,23:00,3369643740,14275503516,9384126938,4.06% ,2.55% ,4.37% ,
03/25/22,00:00,3369657081,14275549111,9384341837,4.06% ,2.55% ,4.37% ,
03/25/22,01:00,3369571399,14275001543,9384405444,4.06% ,2.55% ,4.37% ,
03/25/22,02:00,3369588382,14275039738,9384454434,4.06% ,2.55% ,4.37% ,
03/25/22,03:00,3369603398,14275075463,9384628215,4.06% ,2.55% ,4.37% ,
03/25/22,04:00,3369619776,14275119073,9384673997,4.06% ,2.55% ,4.37% ,
03/25/22,05:00,3369636937,14275161038,9384728631,4.06% ,2.55% ,4.37% ,
03/25/22,06:00,3369654117,14275205815,9384782289,4.06% ,2.55% ,4.37% ,
03/25/22,07:00,3369669004,14275246760,9384870823,4.06% ,2.55% ,4.37% ,
03/25/22,08:00,3369683843,14275290824,9384916086,4.06% ,2.55% ,4.37% ,
03/25/22,09:00,3369700134,14275335848,9384958937,4.06% ,2.55% ,4.37% ,
03/25/22,10:00,3369715260,14275374568,9385009258,4.06% ,2.55% ,4.37% ,
03/25/22,11:00,3369732608,14275418978,9385137322,4.06% ,2.55% ,4.37% ,
03/25/22,12:00,3369748673,14275457583,9385186818,4.06% ,2.55% ,4.37% ,
03/25/22,13:00,3369765550,14275499955,9385231736,4.06% ,2.55% ,4.37% ,
03/25/22,14:00,3369779102,14275545054,9389446522,4.06% ,2.55% ,4.37% ,
03/25/22,15:00,3369804407,14275587009,9389545029,4.06% ,2.55% ,4.37% ,
03/25/22,16:00,3369821903,14275632520,9389586189,4.06% ,2.55% ,4.37% ,
03/25/22,17:00,3369876268,14275662556,9392977464,4.06% ,2.55% ,4.37% ,
03/25/22,18:00,3369890730,14275705125,9393070599,4.06% ,2.55% ,4.37% ,
03/25/22,19:00,3369904196,14275747148,9393122982,4.06% ,2.55% ,4.37% ,
03/25/22,20:00,3369920122,14275789081,9393169290,4.06% ,2.55% ,4.37% ,
03/25/22,21:00,3369934842,14275830933,9394516884,4.06% ,2.55% ,4.37% ,
03/25/22,22:00,3369951079,14275874642,9394572355,4.06% ,2.55% ,4.37% ,
03/25/22,23:00,3369967138,14275917323,9394624592,4.06% ,2.55% ,4.37% ,
03/26/22,00:00,3369982387,14275959778,9396363034,4.06% ,2.55% ,4.37% ,
03/26/22,01:00,3369997397,14275999045,9396598368,4.06% ,2.55% ,4.37% ,
03/26/22,02:00,3370012538,14276019909,9396711701,4.06% ,2.55% ,4.37% ,
03/26/22,03:00,3370027193,14276062070,9396829731,4.06% ,2.55% ,4.37% ,
03/26/22,04:00,3370064728,14276102593,9396879466,4.06% ,2.55% ,4.37% ,
03/26/22,05:00,3370080742,14276143317,9396926895,4.06% ,2.55% ,4.37% ,
03/26/22,06:00,3370095132,14276183830,9396977587,4.06% ,2.55% ,4.37% ,
03/26/22,07:00,3370110968,14276226934,9397069763,4.06% ,2.55% ,4.37% ,
03/26/22,08:00,3370125843,14276270475,9397121313,4.06% ,2.55% ,4.37% ,
03/26/22,09:00,3370142248,14276311250,9397139300,4.06% ,2.55% ,4.37% ,
03/26/22,10:00,3370158015,14276353188,9397248769,4.06% ,2.55% ,4.37% ,
03/26/22,11:35,3370184687,14276429011,9397326287,4.06% ,2.55% ,4.37% ,
03/26/22,12:00,3370188475,14276339732,9397448872,4.06% ,2.55% ,4.37% ,
03/26/22,13:00,3370203748,14276382712,9397494784,4.06% ,2.55% ,4.37% ,
03/26/22,14:00,3370219289,14276424128,9397539886,4.06% ,2.55% ,4.37% ,
03/26/22,15:00,3370236843,14276463284,9397587343,4.06% ,2.55% ,4.37% ,
03/26/22,16:00,3370252702,14276432931,9398214177,4.06% ,2.55% ,4.37% ,
03/26/22,17:00,3370266491,14276420073,9398262705,4.06% ,2.55% ,4.37% ,
03/26/22,18:00,3370280266,14276462618,9398412400,4.06% ,2.55% ,4.37% ,
03/26/22,19:00,3370293005,14276504843,9398388741,4.06% ,2.55% ,4.37% ,
03/26/22,21:00,3370330938,14276589321,9398481542,4.06% ,2.55% ,4.37% ,
03/26/22,22:00,3370350798,14276623121,9398557713,4.06% ,2.55% ,4.37% ,
03/26/22,23:00,3370338907,14276666830,9398707684,4.06% ,2.55% ,4.37% ,
03/27/22,00:00,3370353502,14276705783,9398772953,4.06% ,2.55% ,4.37% ,
03/27/22,01:00,3370371316,14276746447,9398818642,4.06% ,2.55% ,4.37% ,
03/27/22,02:00,3370386846,14276791305,9398873870,4.06% ,2.55% ,4.37% ,
03/27/22,03:00,3370399846,14276710106,9399052942,4.06% ,2.55% ,4.37% ,
03/27/22,04:00,3370445143,14276749030,9399122578,4.06% ,2.55% ,4.37% ,
03/27/22,05:00,3370460820,14276785329,9399267342,4.06% ,2.55% ,4.37% ,
03/27/22,06:00,3370475554,14276828318,9399313785,4.06% ,2.55% ,4.37% ,
03/27/22,07:00,3370491091,14276873063,9399357669,4.06% ,2.55% ,4.37% ,
03/27/22,08:00,3370512373,14276915223,9399405024,4.06% ,2.55% ,4.37% ,
03/27/22,09:00,3370528717,14276958924,9399379794,4.06% ,2.55% ,4.37% ,
03/27/22,10:00,3370525293,14277002807,9399432495,4.06% ,2.55% ,4.37% ,
03/27/22,11:00,3370541222,14277048198,9399538293,4.06% ,2.55% ,4.37% ,
03/27/22,12:00,3370557765,14277087464,9399903153,4.06% ,2.55% ,4.37% ,
03/27/22,13:00,3370573406,14277016113,9399949897,4.06% ,2.55% ,4.37% ,
03/27/22,14:00,3370588782,14277057004,9399875434,4.06% ,2.55% ,4.37% ,
03/27/22,15:00,3370603398,14277096811,9399925177,4.06% ,2.55% ,4.37% ,
03/27/22,16:00,3370619337,14277134848,9399978815,4.06% ,2.55% ,4.37% ,
03/27/22,17:00,3370636984,14277173246,9400183128,4.06% ,2.55% ,4.37% ,
03/27/22,18:00,3370651414,14277214291,9400231819,4.06% ,2.55% ,4.37% ,
03/27/22,19:00,3370669098,14277257213,9400275379,4.06% ,2.55% ,4.37% ,
03/27/22,20:00,3370683817,14277560566,9400056237,4.06% ,2.55% ,4.37% ,
03/27/22,21:00,3370700165,14277602306,9400145101,4.06% ,2.55% ,4.37% ,
03/27/22,22:00,3370715903,14277645233,9400683557,4.06% ,2.55% ,4.37% ,
03/27/22,23:00,3370731128,14277684887,9401610167,4.06% ,2.55% ,4.37% ,
03/28/22,00:00,3370745233,14277455138,9401660806,4.06% ,2.55% ,4.37% ,
03/28/22,01:00,3370760175,14277500205,9401704965,4.06% ,2.55% ,4.37% ,
03/28/22,02:00,3370774163,14277541615,9401743443,4.06% ,2.55% ,4.37% ,
03/28/22,03:00,3370792058,14277587454,9401796333,4.06% ,2.55% ,4.37% ,
03/28/22,04:00,3370770935,14277629062,9401832166,4.06% ,2.55% ,4.37% ,
03/28/22,05:00,3370786227,14277671071,9401223810,4.06% ,2.55% ,4.37% ,
03/28/22,06:00,3370800184,14277711781,9401268305,4.06% ,2.55% ,4.37% ,
03/28/22,07:00,3370818070,14277749549,9401382726,4.06% ,2.55% ,4.37% ,
03/28/22,08:00,3370836676,14277685181,9401542932,4.06% ,2.55% ,4.37% ,
03/28/22,09:00,3370850960,14277731689,9401798894,4.06% ,2.55% ,4.37% ,
03/28/22,10:00,3370865988,14277775292,9402095241,4.06% ,2.55% ,4.37% ,
03/28/22,11:00,3370879737,14277816809,9402144140,4.06% ,2.55% ,4.37% ,
03/28/22,12:00,3370893653,14277865860,9402185339,4.06% ,2.55% ,4.37% ,
03/28/22,13:00,3370908890,14277909591,9402230539,4.06% ,2.55% ,4.37% ,
03/28/22,14:00,3370925556,14277953047,9402274584,4.06% ,2.55% ,4.37% ,
03/28/22,15:00,3370939149,14277995955,9402590538,4.06% ,2.55% ,4.37% ,
03/28/22,16:00,3370916271,14278041960,9402632548,4.06% ,2.55% ,4.37% ,
03/28/22,17:00,3370931789,14278082134,9402681022,4.06% ,2.55% ,4.37% ,
03/28/22,18:00,3370948036,14278122561,9404293807,4.06% ,2.55% ,4.37% ,
03/28/22,19:00,3370965377,14278131074,9404361931,4.06% ,2.55% ,4.37% ,
03/28/22,20:00,3370979545,14278166081,9404466889,4.06% ,2.55% ,4.37% ,
03/28/22,21:00,3370993918,14278211147,9404511616,4.06% ,2.55% ,4.37% ,
03/28/22,22:00,3371007951,14278247999,9404563875,4.06% ,2.55% ,4.37% ,
03/28/22,23:00,3371023129,14278290125,9404610738,4.06% ,2.55% ,4.37% ,
03/29/22,00:00,3371039246,14278336110,9404627803,4.06% ,2.55% ,4.37% ,
03/29/22,01:00,3371055153,14278379927,9404803475,4.06% ,2.55% ,4.37% ,
03/29/22,02:00,3371071228,14278419760,9404843608,4.06% ,2.55% ,4.37% ,
03/29/22,03:00,3371087303,14278463106,9404888352,4.06% ,2.55% ,4.37% ,
03/29/22,04:00,3370953733,14278502097,9405100549,4.06% ,2.55% ,4.37% ,
03/29/22,05:00,3370970866,14278412886,9405276794,4.06% ,2.55% ,4.37% ,
03/29/22,06:00,3370987749,14278454356,9405293466,4.06% ,2.55% ,4.37% ,
03/29/22,07:00,3371004697,14278492391,9405342650,4.06% ,2.55% ,4.37% ,
03/29/22,08:00,3371020853,14278530546,9405439282,4.06% ,2.55% ,4.37% ,
03/29/22,09:00,3371038151,14278571576,9405504728,4.06% ,2.55% ,4.37% ,
03/29/22,10:00,3371054723,14278614472,9405549427,4.06% ,2.55% ,4.37% ,
03/29/22,11:00,3371069442,14278655195,9405598151,4.06% ,2.55% ,4.37% ,
03/29/22,12:00,3371084643,14278699443,9405773594,4.06% ,2.55% ,4.36% ,
03/29/22,13:00,3371237363,14278739017,9405821268,4.06% ,2.55% ,4.36% ,
03/29/22,14:00,3371253279,14278778573,9405869963,4.06% ,2.55% ,4.36% ,
03/29/22,15:00,3371268359,14278818643,9406210604,4.06% ,2.55% ,4.36% ,
03/29/22,16:00,3371285148,14278857639,9406258985,4.06% ,2.55% ,4.36% ,
03/29/22,17:00,3371300286,14278902743,9406302910,4.06% ,2.55% ,4.36% ,
03/29/22,18:00,3371314384,14278942510,9406353212,4.06% ,2.55% ,4.36% ,
03/29/22,19:00,3371485711,14278984617,9406398945,4.06% ,2.55% ,4.36% ,
03/29/22,20:00,3371500438,14279026450,9406446552,4.06% ,2.55% ,4.36% ,
03/29/22,21:00,3371514994,14279069802,9406391423,4.06% ,2.55% ,4.36% ,
03/29/22,22:00,3371530771,14279113714,9406407827,4.06% ,2.55% ,4.36% ,
03/29/22,23:00,3371548517,14279153457,9406513557,4.06% ,2.55% ,4.36% ,
03/30/22,00:00,3371379556,14279195425,9406566425,4.06% ,2.55% ,4.36% ,
03/30/22,01:00,3371394814,14279233452,9406617307,4.06% ,2.55% ,4.36% ,
03/30/22,02:00,3371408981,14279241212,9406712274,4.06% ,2.55% ,4.36% ,
03/30/22,03:00,3371426595,14279280886,9406759152,4.06% ,2.55% ,4.36% ,
03/30/22,04:00,3371443298,14279322094,9406805408,4.06% ,2.55% ,4.36% ,
03/30/22,05:00,3371459109,14279364986,9406867472,4.06% ,2.55% ,4.36% ,
03/30/22,06:00,3371474802,14279381626,9406936952,4.06% ,2.55% ,4.36% ,
03/30/22,07:00,3371491190,14279427075,9406979281,4.06% ,2.55% ,4.36% ,
03/30/22,08:00,3371508142,14279339961,9407026890,4.06% ,2.55% ,4.36% ,
03/30/22,09:00,3371524021,14279383246,9407071894,4.06% ,2.55% ,4.36% ,
03/30/22,10:00,3371539125,14279424750,9407119451,4.06% ,2.55% ,4.36% ,
03/30/22,11:00,3371553618,14279466972,9407228427,4.06% ,2.55% ,4.36% ,
03/30/22,12:00,3371387956,14279506270,9407278956,4.06% ,2.55% ,4.36% ,
03/30/22,13:00,3371403250,14279547251,9407326849,4.06% ,2.55% ,4.36% ,
03/30/22,14:00,3371418839,14279562025,9407350056,4.06% ,2.55% ,4.36% ,
03/30/22,15:00,3371433844,14279602744,9407398498,4.06% ,2.55% ,4.36% ,
03/30/22,16:00,3371347482,14279644858,9408879029,4.06% ,2.55% ,4.36% ,
03/30/22,17:00,3371361758,14279478741,9408927607,4.06% ,2.55% ,4.36% ,
03/30/22,18:00,3371377395,14279518059,9408976819,4.06% ,2.55% ,4.36% ,
03/30/22,19:00,3371392833,14279562397,9409101208,4.06% ,2.55% ,4.36% ,
03/30/22,20:00,3371407971,14279601959,9409279813,4.06% ,2.55% ,4.36% ,
03/30/22,21:00,3371425871,14279645250,9409322788,4.06% ,2.55% ,4.36% ,
03/30/22,22:00,3371379488,14279687455,9409429858,4.06% ,2.55% ,4.36% ,
03/30/22,23:00,3371392881,14279666741,9409934062,4.06% ,2.55% ,4.36% ,
03/31/22,00:00,3371407661,14279711308,9409978883,4.06% ,2.55% ,4.36% ,
03/31/22,01:00,3371422319,14279082861,9410029404,4.06% ,2.55% ,4.36% ,
03/31/22,02:00,3371436336,14279129386,9410073029,4.06% ,2.55% ,4.36% ,
03/31/22,03:00,3371452590,14279172289,9410118038,4.06% ,2.55% ,4.36% ,
03/31/22,04:00,3376687252,14279221546,9410157035,4.05% ,2.55% ,4.36% ,
03/31/22,05:00,3376702756,14279263968,9410203276,4.05% ,2.55% ,4.36% ,
03/31/22,06:00,3376717827,14279308595,9410247744,4.05% ,2.55% ,4.36% ,
03/31/22,07:00,3376731834,14279341945,9410296524,4.05% ,2.55% ,4.36% ,
03/31/22,08:00,3376749120,14279382721,9410360680,4.05% ,2.55% ,4.36% ,
03/31/22,09:00,"3,376,763,047","14,279,423,712","9,410,409,929",4.05% ,2.55% ,4.36% ,
03/31/22,10:00,"3,376,975,270","14,279,466,026","9,410,491,229",4.05% ,2.55% ,4.36% ,
03/31/22,11:00,"3,376,989,466","14,279,509,377","9,410,537,849",4.05% ,2.55% ,4.36% ,
03/31/22,12:00,"3,377,005,300","14,279,550,742","9,410,584,817",4.05% ,2.55% ,4.36% ,
03/31/22,13:00,"3,377,159,256","14,279,593,225","9,410,629,287",4.05% ,2.55% ,4.36% ,
03/31/22,14:00,"3,377,172,626","14,279,632,495","9,410,702,357",4.05% ,2.55% ,4.36% ,
03/31/22,15:00,"3,377,188,201","14,279,673,618","9,410,749,825",4.05% ,2.55% ,4.36% ,
03/31/22,16:00,"3,377,205,052","14,279,713,686","9,411,247,074",4.05% ,2.55% ,4.36% ,
03/31/22,17:00,"3,377,220,678","14,279,752,869","9,411,296,432",4.05% ,2.55% ,4.36% ,
03/31/22,19:00,"3,377,253,594","14,279,733,295","9,411,789,841",4.05% ,2.55% ,4.36% ,
03/31/22,20:00,"3,377,271,006","14,279,776,885","9,411,853,656",4.05% ,2.55% ,4.36% ,
03/31/22,21:00,"3,377,287,254","14,279,800,596","9,411,902,973",4.05% ,2.55% ,4.36% ,
03/31/22,22:00,"3,377,300,218","14,279,844,453","9,411,956,319",4.05% ,2.55% ,4.36% ,
03/31/22,23:00,"3,377,316,873","14,279,883,848","9,412,185,184",4.05% ,2.55% ,4.36% ,
04/01/22,00:00,"3,377,332,465","14,279,924,367","9,412,233,241",4.05% ,2.55% ,4.36% ,
04/01/22,01:00,"3,377,346,368","14,279,967,059","9,412,280,812",4.05% ,2.55% ,4.36% ,
04/01/22,02:00,"3,377,364,155","14,280,005,867","9,412,512,279",4.05% ,2.55% ,4.36% ,
04/01/22,03:00,"3,377,378,126","14,280,047,796","9,412,330,908",4.05% ,2.55% ,4.36% ,
04/01/22,04:00,"3,377,392,085","14,280,088,747","9,412,394,744",4.05% ,2.55% ,4.36% ,
04/01/22,05:00,"3,377,408,150","14,280,131,126","9,412,440,467",4.05% ,2.55% ,4.36% ,
04/01/22,06:00,"3,377,422,585","14,280,173,422","9,412,487,902",4.05% ,2.55% ,4.36% ,
04/01/22,07:00,"3,377,439,547","14,280,215,767","9,412,532,761",4.05% ,2.55% ,4.36% ,
04/01/22,08:00,"3,377,454,376","14,280,256,215","9,412,581,652",4.05% ,2.55% ,4.36% ,
04/01/22,09:00,"3,377,469,354","14,280,297,701","9,412,627,835",4.05% ,2.55% ,4.36% ,
04/01/22,10:00,"3,377,484,523","14,280,348,900","9,412,675,301",4.05% ,2.55% ,4.36% ,
04/01/22,11:00,"3,377,499,645","14,280,392,630","9,412,720,614",4.05% ,2.55% ,4.36% ,
04/01/22,12:00,"3,377,517,585","14,280,435,386","9,412,764,085",4.05% ,2.55% ,4.36% ,
04/01/22,13:00,"3,377,533,851","14,280,476,207","9,412,811,165",4.05% ,2.55% ,4.36% ,
04/01/22,14:00,"3,377,549,074","14,280,515,177","9,412,861,139",4.05% ,2.55% ,4.36% ,
04/01/22,15:00,"3,377,564,542","14,280,553,541","9,412,911,475",4.05% ,2.55% ,4.36% ,
04/01/22,16:00,"3,377,579,710","14,280,597,306","9,412,956,707",4.05% ,2.55% ,4.36% ,
04/01/22,17:00,"3,377,594,605","14,280,640,162","9,401,003,123",4.05% ,2.55% ,4.37% ,
04/01/22,18:00,"3,377,611,252","14,280,679,585","9,413,008,159",4.05% ,2.55% ,4.36% ,
04/01/22,19:00,"3,377,627,456","14,281,005,557","9,413,058,349",4.05% ,2.55% ,4.36% ,
04/01/22,20:00,"3,377,641,021","14,281,047,849","9,411,005,161",4.05% ,2.55% ,4.36% ,
04/01/22,21:00,"3,377,657,883","14,281,093,204","9,411,047,111",4.05% ,2.55% ,4.36% ,
04/01/22,22:00,"3,377,672,987","14,281,136,399","9,411,092,977",4.05% ,2.55% ,4.36% ,
04/01/22,23:00,"3,377,689,961","14,281,173,041","9,411,143,529",4.05% ,2.55% ,4.36% ,
04/02/22,01:00,"3,377,721,182","14,281,249,955","9,411,243,727",4.05% ,2.55% ,4.36% ,
04/02/22,02:00,"3,377,736,561","14,281,290,092","9,411,292,378",4.05% ,2.55% ,4.36% ,
04/02/22,03:00,"3,377,751,173","14,281,332,160","9,411,339,864",4.05% ,2.55% ,4.36% ,
04/02/22,04:00,"3,377,767,292","14,281,373,362","9,411,386,709",4.05% ,2.55% ,4.36% ,
04/02/22,05:00,"3,377,783,399","14,281,407,642","9,411,432,267",4.05% ,2.55% ,4.36% ,
04/02/22,06:00,"3,377,806,065","14,281,448,265","9,412,028,536",4.05% ,2.55% ,4.36% ,
04/02/22,07:00,"3,377,821,362","14,281,489,483","9,412,076,187",4.05% ,2.55% ,4.36% ,
04/02/22,08:00,"3,377,836,755","14,281,535,344","9,412,119,100",4.05% ,2.55% ,4.36% ,
04/02/22,09:00,"3,377,852,996","14,281,577,547","9,412,164,822",4.05% ,2.55% ,4.36% ,
04/02/22,10:00,"3,377,868,522","14,281,621,101","9,412,209,909",4.05% ,2.55% ,4.36% ,
04/02/22,11:00,"3,377,885,543","14,281,665,618","9,412,252,538",4.05% ,2.55% ,4.36% ,
04/02/22,12:00,"3,377,914,448","14,281,735,047","9,412,300,085",4.05% ,2.55% ,4.36% ,
04/02/22,13:00,"3,377,930,556","14,281,775,225","9,412,347,966",4.05% ,2.55% ,4.36% ,
04/02/22,14:00,"3,377,945,684","14,281,816,988","9,412,395,241",4.05% ,2.55% ,4.36% ,
04/02/22,15:00,"3,377,963,618","14,281,859,256","9,412,541,465",4.05% ,2.55% ,4.36% ,
04/02/22,16:00,"3,377,978,570","14,281,902,747","9,412,587,190",4.05% ,2.55% ,4.36% ,
04/02/22,17:00,"3,377,993,157","14,281,943,208","9,412,636,308",4.05% ,2.55% ,4.36% ,
04/02/22,18:00,"3,378,009,847","14,281,984,405","9,412,682,588",4.05% ,2.55% ,4.36% ,
04/02/22,19:00,"3,377,984,651","14,282,029,074","9,412,724,061",4.05% ,2.55% ,4.36% ,
04/02/22,20:00,"3,378,002,750","14,282,069,449","9,412,769,754",4.05% ,2.55% ,4.36% ,
04/02/22,21:00,"3,378,020,330","14,282,109,114","9,412,918,326",4.05% ,2.55% ,4.36% ,
04/02/22,22:00,"3,378,035,212","14,282,149,770","9,413,481,188",4.05% ,2.55% ,4.36% ,
04/02/22,23:00,"3,378,050,255","14,282,192,416","9,413,530,118",4.05% ,2.55% ,4.36% ,
04/03/22,00:00,"3,378,065,657","14,282,193,091","9,413,695,312",4.05% ,2.55% ,4.36% ,
04/03/22,01:00,"3,378,081,516","14,282,235,148","9,413,761,573",4.05% ,2.55% ,4.36% ,
04/03/22,02:00,"3,378,098,390","14,282,275,040","9,413,808,974",4.05% ,2.55% ,4.36% ,
04/03/22,03:00,"3,378,114,416","14,282,316,734","9,413,890,472",4.05% ,2.55% ,4.36% ,
04/03/22,04:00,"3,378,130,667","14,282,360,807","9,414,298,909",4.05% ,2.55% ,4.36% ,
04/03/22,05:00,"3,378,147,209","14,282,400,104","9,414,347,236",4.05% ,2.55% ,4.36% ,
04/03/22,06:00,"3,378,164,149","14,282,443,293","9,414,391,275",4.05% ,2.55% ,4.36% ,
04/03/22,07:00,"3,378,180,503","14,282,486,499","9,414,435,882",4.05% ,2.55% ,4.36% ,
04/03/22,08:00,"3,378,197,518","14,282,524,421","9,414,499,097",4.05% ,2.55% ,4.36% ,
04/03/22,09:00,"3,378,214,140","14,282,563,832","9,414,547,231",4.05% ,2.55% ,4.36% ,
04/03/22,10:00,"3,378,229,596","14,282,605,158","9,414,622,319",4.05% ,2.55% ,4.36% ,
04/03/22,11:00,"3,378,245,262","14,282,680,130","9,414,670,695",4.05% ,2.55% ,4.36% ,
04/03/22,12:00,"3,378,260,035","14,282,722,595","9,414,750,623",4.05% ,2.55% ,4.36% ,
04/03/22,13:00,"3,378,275,527","14,282,767,429","9,414,794,464",4.05% ,2.55% ,4.36% ,
04/03/22,14:00,"3,378,288,944","14,282,812,350","9,414,840,293",4.05% ,2.55% ,4.36% ,
04/03/22,15:00,"3,378,304,059","14,282,748,476","9,414,888,475",4.05% ,2.55% ,4.36% ,
04/03/22,16:00,"3,378,317,236","14,282,789,530","9,414,938,411",4.05% ,2.55% ,4.36% ,
04/03/22,17:00,"3,378,333,050","14,282,832,617","9,415,308,234",4.05% ,2.55% ,4.36% ,
04/03/22,18:00,"3,378,346,925","14,282,877,378","9,415,358,639",4.05% ,2.55% ,4.36% ,
04/03/22,19:00,"3,378,364,455","14,282,912,650","9,415,410,004",4.05% ,2.55% ,4.36% ,
04/03/22,20:00,"3,378,380,325","14,282,954,686","9,436,306,264",4.05% ,2.55% ,4.35% ,
04/03/22,21:00,"3,378,395,892","14,282,973,850","9,436,375,700",4.05% ,2.55% ,4.35% ,
04/03/22,22:00,"3,378,412,683","14,283,015,703","9,436,048,711",4.05% ,2.55% ,4.35% ,
04/03/22,23:00,"3,378,427,322","14,283,056,169","9,436,097,772",4.05% ,2.55% ,4.35% ,
04/04/22,00:00,"3,378,442,837","14,283,108,278","9,436,145,204",4.05% ,2.55% ,4.35% ,
04/04/22,01:00,"3,378,458,707","14,282,793,764","9,445,627,611",4.05% ,2.55% ,4.35% ,
04/04/22,02:00,"3,378,476,158","14,282,439,581","9,445,681,510",4.05% ,2.55% ,4.35% ,
04/04/22,04:00,"3,378,507,873","14,282,522,696","9,446,782,624",4.05% ,2.55% ,4.35% ,
04/04/22,05:00,"3,378,523,455","14,282,561,730","9,446,832,176",4.05% ,2.55% ,4.35% ,
04/04/22,06:00,"3,378,539,393","14,282,603,968","9,446,778,166",4.05% ,2.55% ,4.35% ,
04/04/22,07:00,"3,378,553,261","14,282,643,227","9,446,629,206",4.05% ,2.55% ,4.35% ,
04/04/22,08:00,"3,378,567,033","14,282,664,925","9,446,555,011",4.05% ,2.55% ,4.35% ,
04/04/22,09:00,"3,378,582,926","14,282,707,025","9,446,401,184",4.05% ,2.55% ,4.35% ,
04/04/22,10:00,"3,378,600,450","14,282,746,739","9,448,267,137",4.05% ,2.55% ,4.35% ,
04/04/22,11:00,"3,378,605,940","14,282,785,989","9,448,313,732",4.05% ,2.55% ,4.35% ,
04/04/22,12:00,"3,378,620,166","14,282,830,985","9,448,358,677",4.05% ,2.55% ,4.35% ,
04/04/22,13:00,"3,378,636,597","14,282,877,084","9,448,426,862",4.05% ,2.55% ,4.35% ,
04/04/22,14:00,"3,378,651,118","14,282,921,973","9,448,436,619",4.05% ,2.55% ,4.35% ,
04/04/22,15:00,"3,378,668,623","14,282,958,955","9,448,486,298",4.05% ,2.55% ,4.35% ,
04/04/22,16:00,"3,378,684,726","14,283,001,502","9,449,033,267",4.05% ,2.55% ,4.35% ,
04/04/22,17:00,"3,378,701,237","14,282,629,351","9,449,493,074",4.05% ,2.55% ,4.34% ,
04/04/22,18:00,"3,378,717,088","14,282,670,020","9,449,540,721",4.05% ,2.55% ,4.34% ,
04/04/22,19:06,"3,378,738,957","14,282,722,040","9,449,597,040",4.05% ,2.55% ,4.34% ,
04/04/22,20:00,"3,378,750,681","14,282,748,679","9,449,667,040",4.05% ,2.55% ,4.34% ,
04/04/22,21:00,"3,378,694,189","14,282,792,407","9,449,371,376",4.05% ,2.55% ,4.34% ,
04/04/22,22:00,"3,378,710,758","14,282,837,754","9,449,162,447",4.05% ,2.55% ,4.35% ,
04/04/22,23:00,"3,378,726,143","14,282,879,963","9,448,809,019",4.05% ,2.55% ,4.35% ,
04/05/22,00:00,"3,378,741,334","14,282,919,665","9,448,858,293",4.05% ,2.55% ,4.35% ,
04/05/22,01:00,"3,378,755,071","14,282,965,182","9,448,943,695",4.05% ,2.55% ,4.35% ,
04/05/22,02:00,"3,378,770,659","14,283,005,266","9,448,992,514",4.05% ,2.55% ,4.34% ,
04/05/22,03:00,"3,378,786,301","14,283,046,267","9,449,135,964",4.05% ,2.55% ,4.34% ,
04/05/22,04:00,"3,378,800,489","14,283,086,687","9,449,185,523",4.05% ,2.55% ,4.34% ,
04/05/22,05:00,"3,378,815,790","14,283,128,914","9,449,232,162",4.05% ,2.55% ,4.34% ,
04/05/22,06:00,"3,378,830,920","14,283,170,180","9,449,276,381",4.05% ,2.55% ,4.34% ,
04/05/22,07:00,"3,378,845,233","14,283,214,943","9,449,321,472",4.05% ,2.55% ,4.34% ,
04/05/22,08:00,"3,379,220,541","14,283,255,463","9,449,935,420",4.05% ,2.55% ,4.34% ,
04/05/22,09:00,"3,379,475,275","14,283,293,816","9,449,471,821",4.05% ,2.55% ,4.34% ,
04/05/22,10:00,"3,379,489,780","14,283,337,664","9,449,517,635",4.05% ,2.55% ,4.34% ,
04/05/22,11:00,"3,379,506,390","14,283,377,992","9,449,564,864",4.05% ,2.55% ,4.34% ,
04/05/22,12:00,"3,379,522,709","14,283,413,959","9,449,616,745",4.05% ,2.55% ,4.34% ,
04/05/22,13:00,"3,379,494,369","14,283,455,096","9,449,663,938",4.05% ,2.55% ,4.34% ,
04/05/22,14:00,"3,379,483,103","14,283,492,646","9,449,713,935",4.05% ,2.55% ,4.34% ,
04/05/22,15:00,"3,379,499,554","14,283,529,566","9,449,764,730",4.05% ,2.55% ,4.34% ,
04/05/22,16:00,"3,379,515,620","14,283,569,087","9,449,813,309",4.05% ,2.55% ,4.34% ,
04/05/22,17:00,"3,379,534,091","14,283,609,331","9,449,863,261",4.05% ,2.55% ,4.34% ,
04/05/22,18:00,"3,379,547,942","14,283,649,125","9,449,913,783",4.05% ,2.55% ,4.34% ,
04/05/22,19:00,"3,379,564,282","14,283,689,354","9,449,989,105",4.05% ,2.55% ,4.34% ,
04/05/22,20:00,"3,379,579,769","14,283,730,611","9,450,065,920",4.05% ,2.55% ,4.34% ,
04/05/22,21:00,"3,379,595,105","14,283,771,206","9,450,114,156",4.05% ,2.55% ,4.34% ,
04/05/22,22:00,"3,379,611,349","14,283,815,858","9,459,053,664",4.05% ,2.55% ,4.34% ,
04/05/22,23:00,"3,379,628,904","14,283,856,836","9,459,112,741",4.05% ,2.55% ,4.34% ,
04/06/22,00:00,"3,379,647,772","14,283,893,392","9,459,161,484",4.05% ,2.55% ,4.34% ,
04/06/22,02:00,"3,379,681,589","14,283,974,772","9,459,342,702",4.05% ,2.55% ,4.34% ,
04/06/22,03:00,"3,379,698,847","14,284,019,306","9,459,425,078",4.05% ,2.55% ,4.34% ,
04/06/22,04:00,"3,379,716,258","14,284,066,336","9,459,464,803",4.05% ,2.55% ,4.34% ,
04/06/22,05:00,"3,379,730,984","14,284,105,256","9,459,515,323",4.05% ,2.55% ,4.34% ,
04/06/22,06:00,"3,379,749,232","14,284,143,314","9,459,563,185",4.05% ,2.55% ,4.34% ,
04/06/22,07:00,"3,379,763,653","14,284,182,382","9,459,613,862",4.05% ,2.55% ,4.34% ,
04/06/22,08:00,"3,379,778,450","14,284,225,050","9,459,669,596",4.05% ,2.55% ,4.34% ,
04/06/22,09:00,"3,379,793,979","14,284,266,083","9,459,717,201",4.05% ,2.55% ,4.34% ,
04/06/22,10:00,"3,379,270,596","14,284,444,715","9,459,257,046",4.05% ,2.55% ,4.34% ,
04/06/22,11:00,"3,379,284,886","14,284,488,229","9,459,303,408",4.05% ,2.55% ,4.34% ,
04/06/22,12:00,"3,379,298,729","14,284,531,050","9,459,350,911",4.05% ,2.55% ,4.34% ,
04/06/22,13:00,"3,379,314,460","14,284,570,390","9,459,401,257",4.05% ,2.55% ,4.34% ,
04/06/22,14:00,"3,379,331,334","14,284,608,908","9,459,450,031",4.05% ,2.55% ,4.34% ,
04/06/22,15:00,"3,379,345,974","14,284,649,541","9,459,498,926",4.05% ,2.55% ,4.34% ,
04/06/22,16:00,"3,380,660,700","14,284,696,510","9,459,539,721",4.05% ,2.55% ,4.34% ,
04/06/22,17:00,"3,380,703,056","14,284,735,808","9,459,628,711",4.05% ,2.55% ,4.34% ,
04/06/22,18:00,"3,380,717,022","14,284,780,040","9,459,674,679",4.05% ,2.55% ,4.34% ,
04/06/22,19:00,"3,380,733,068","14,284,823,952","9,459,718,888",4.05% ,2.55% ,4.34% ,
04/06/22,20:00,"3,380,748,731","14,284,869,541","9,459,820,073",4.05% ,2.55% ,4.34% ,
04/06/22,21:00,"3,410,394,295","14,284,912,141","9,430,189,128",4.02% ,2.55% ,4.35% ,
04/06/22,22:00,"3,410,421,480","14,284,951,057","9,431,410,418",4.02% ,2.55% ,4.35% ,
04/06/22,23:00,"3,410,437,151","14,284,991,184","9,431,756,320",4.02% ,2.55% ,4.35% ,
04/07/22,00:00,"3,410,450,220","14,285,031,737","9,431,804,751",4.02% ,2.55% ,4.35% ,
04/07/22,01:00,"3,410,466,349","14,285,073,675","9,431,934,049",4.02% ,2.55% ,4.35% ,
04/07/22,02:00,"3,411,481,668","14,285,114,545","9,431,982,644",4.01% ,2.55% ,4.35% ,
04/07/22,03:00,"3,411,497,598","14,286,159,462","9,432,050,685",4.01% ,2.55% ,4.35% ,
04/07/22,05:00,"3,411,528,835","14,286,243,789","9,432,143,454",4.01% ,2.55% ,4.35% ,
04/07/22,06:00,"3,411,548,166","14,286,282,713","9,429,989,367",4.01% ,2.55% ,4.35% ,
04/07/22,07:00,"3,411,563,731","14,286,327,878","9,430,032,803",4.01% ,2.55% ,4.35% ,
04/07/22,08:00,"3,411,577,628","14,286,375,214","9,430,075,737",4.01% ,2.55% ,4.35% ,
04/07/22,09:00,"3,411,593,066","14,286,416,062","9,430,299,493",4.01% ,2.55% ,4.35% ,
04/07/22,10:00,"3,411,607,942","14,286,459,519","9,430,612,895",4.01% ,2.55% ,4.35% ,
04/07/22,11:00,"3,411,623,619","14,286,497,358","9,430,663,545",4.01% ,2.55% ,4.35% ,
04/07/22,12:00,"3,411,640,742","14,286,542,577","9,430,803,268",4.01% ,2.55% ,4.35% ,
04/07/22,13:00,"3,411,655,146","14,286,588,443","9,431,277,946",4.01% ,2.55% ,4.35% ,
04/07/22,14:00,"3,411,671,620","14,286,628,646","9,431,325,435",4.01% ,2.55% ,4.35% ,
04/07/22,15:00,"3,411,692,906","14,286,669,525","9,431,371,108",4.01% ,2.55% ,4.35% ,
04/07/22,16:00,"3,411,709,037","14,286,710,607","9,431,418,063",4.01% ,2.55% ,4.35% ,
04/07/22,17:00,"3,411,724,174","14,286,751,380","9,431,579,663",4.01% ,2.55% ,4.35% ,
04/07/22,18:00,"3,411,738,849","14,286,792,466","9,431,427,633",4.01% ,2.55% ,4.35% ,
04/07/22,19:00,"3,411,755,092","14,286,834,357","9,431,473,665",4.01% ,2.55% ,4.35% ,
04/07/22,20:00,"3,411,772,816","14,286,873,094","9,431,521,371",4.01% ,2.55% ,4.35% ,
04/07/22,21:00,"3,411,787,766","14,286,911,249","9,431,572,432",4.01% ,2.55% ,4.35% ,
04/07/22,22:00,"3,411,782,211","14,286,951,557","9,431,821,066",4.01% ,2.55% ,4.35% ,
04/07/22,23:00,"3,411,796,913","14,286,996,829","9,431,865,258",4.01% ,2.55% ,4.35% ,
04/08/22,00:00,"3,411,812,239","14,287,038,834","9,431,912,094",4.01% ,2.55% ,4.35% ,
04/08/22,01:00,"3,411,825,147","14,287,081,569","9,431,960,617",4.01% ,2.55% ,4.35% ,
04/08/22,02:00,"3,411,838,528","14,287,124,869","9,432,008,103",4.01% ,2.55% ,4.35% ,
04/08/22,03:00,"3,411,854,683","14,287,164,889","9,432,056,094",4.01% ,2.55% ,4.35% ,
04/08/22,04:00,"3,411,870,828","14,287,204,772","9,432,104,234",4.01% ,2.55% ,4.35% ,
04/08/22,05:00,"3,411,887,297","14,287,244,280","9,432,162,820",4.01% ,2.55% ,4.35% ,
04/08/22,06:00,"3,411,902,669","14,287,287,817","9,432,208,078",4.01% ,2.55% ,4.35% ,
04/08/22,07:00,"3,411,917,465","14,287,328,901","9,432,256,364",4.01% ,2.55% ,4.35% ,
04/08/22,08:00,"3,411,932,750","14,287,368,614","9,432,305,533",4.01% ,2.55% ,4.35% ,
04/08/22,09:00,"3,411,948,433","14,287,407,543","9,432,355,088",4.01% ,2.55% ,4.35% ,
04/08/22,10:00,"3,411,965,405","14,287,448,877","9,432,400,948",4.01% ,2.55% ,4.35% ,
04/08/22,11:00,"3,411,980,992","14,287,494,293","9,433,124,325",4.01% ,2.55% ,4.35% ,
04/08/22,12:00,"3,411,995,386","14,287,533,787","9,433,174,603",4.01% ,2.55% ,4.35% ,
04/08/22,13:00,"3,412,009,859","14,287,574,360","9,433,223,724",4.01% ,2.55% ,4.35% ,
04/08/22,14:00,"3,412,026,514","14,287,263,712","9,433,269,227",4.01% ,2.55% ,4.35% ,
04/08/22,15:00,"3,412,041,339","14,287,308,771","9,433,313,511",4.01% ,2.55% ,4.35% ,
04/08/22,16:00,"3,412,056,646","14,287,348,534","9,433,942,892",4.01% ,2.55% ,4.35% ,
04/08/22,17:00,"3,412,071,162","14,287,391,582","9,433,989,495",4.01% ,2.55% ,4.35% ,
04/08/22,19:00,"3,412,101,868","14,287,472,771","9,433,985,933",4.01% ,2.55% ,4.35% ,
04/08/22,20:00,"3,412,116,494","14,287,512,817","9,434,035,428",4.01% ,2.55% ,4.35% ,
04/08/22,21:00,"3,412,131,842","14,287,551,053","9,434,461,010",4.01% ,2.55% ,4.35% ,
04/08/22,22:00,"3,412,147,627","14,287,544,577","9,435,566,565",4.01% ,2.55% ,4.35% ,
04/08/22,23:00,"3,412,163,341","14,287,585,106","9,435,614,489",4.01% ,2.55% ,4.35% ,
04/09/22,00:00,"3,412,179,184","14,287,626,961","9,435,650,957",4.01% ,2.55% ,4.35% ,
04/09/22,01:00,"3,412,191,514","14,287,306,824","9,436,573,012",4.01% ,2.55% ,4.35% ,
04/09/22,02:00,"3,412,206,445","14,287,349,284","9,436,640,952",4.01% ,2.55% ,4.35% ,
04/09/22,03:00,"3,412,222,213","14,287,388,089","9,436,690,546",4.01% ,2.55% ,4.35% ,
04/09/22,04:00,"3,412,237,634","14,287,335,805","9,437,751,159",4.01% ,2.55% ,4.35% ,
04/09/22,05:00,"3,412,253,222","14,287,379,368","9,437,915,841",4.01% ,2.55% ,4.35% ,
04/09/22,06:00,"3,412,267,335","14,287,422,400","9,437,962,863",4.01% ,2.55% ,4.35% ,
04/09/22,07:00,"3,412,294,824","14,287,467,278","9,438,059,362",4.01% ,2.55% ,4.35% ,
04/09/22,08:00,"3,412,312,703","14,287,501,825","9,438,120,878",4.01% ,2.55% ,4.35% ,
04/09/22,09:00,"3,412,328,254","14,287,538,893","9,438,193,167",4.01% ,2.55% ,4.35% ,
04/09/22,10:00,"3,412,344,341","14,287,581,629","9,438,269,580",4.01% ,2.55% ,4.35% ,
04/09/22,11:00,"3,412,360,627","14,287,620,941","9,438,473,102",4.01% ,2.55% ,4.35% ,
04/09/22,12:00,"3,412,377,865","14,287,663,907","9,438,356,575",4.01% ,2.55% ,4.35% ,
04/09/22,13:00,"3,412,393,366","14,287,702,096","9,438,407,053",4.01% ,2.55% ,4.35% ,
04/09/22,14:00,"3,412,409,437","14,287,744,950","9,438,682,992",4.01% ,2.55% ,4.35% ,
04/09/22,15:00,"3,412,425,034","14,287,786,337","9,438,999,305",4.01% ,2.55% ,4.35% ,
04/09/22,16:00,"3,412,440,088","14,287,829,801","9,439,047,755",4.01% ,2.55% ,4.35% ,
04/09/22,17:00,"3,412,456,412","14,287,867,708","9,439,117,958",4.01% ,2.55% ,4.35% ,
04/09/22,18:00,"3,412,472,062","14,287,909,258","9,439,164,924",4.01% ,2.55% ,4.35% ,
04/09/22,19:00,"3,412,487,271","14,287,944,225","9,439,218,915",4.01% ,2.55% ,4.35% ,
04/09/22,20:00,"3,412,503,275","14,287,989,194","9,439,642,961",4.01% ,2.55% ,4.35% ,
04/09/22,21:00,"3,412,518,295","14,288,032,274","9,439,679,649",4.01% ,2.55% ,4.35% ,
04/09/22,22:00,"3,412,536,042","14,288,073,491","9,439,768,334",4.01% ,2.55% ,4.35% ,
04/09/22,23:00,"3,412,553,697","14,288,113,860","9,439,814,476",4.01% ,2.55% ,4.35% ,
04/10/22,00:00,"3,412,569,728","14,288,154,697","9,439,976,995",4.01% ,2.55% ,4.35% ,
04/10/22,01:00,"3,412,585,881","14,288,193,540","9,440,031,925",4.01% ,2.55% ,4.35% ,
04/10/22,02:00,"3,412,611,300","14,288,220,145","9,440,081,638",4.01% ,2.55% ,4.35% ,
04/10/22,03:00,"3,412,626,407","14,288,258,013","9,440,132,829",4.01% ,2.55% ,4.35% ,
04/10/22,04:00,"3,412,661,866","14,288,301,442","9,440,322,610",4.01% ,2.55% ,4.35% ,
04/10/22,05:00,"3,412,676,669","14,288,342,386","9,440,381,874",4.01% ,2.55% ,4.35% ,
04/10/22,06:00,"3,412,693,570","14,288,381,836","9,440,429,690",4.01% ,2.55% ,4.35% ,
04/10/22,07:00,"3,412,708,722","14,288,403,400","9,440,527,096",4.01% ,2.55% ,4.35% ,
04/10/22,08:00,"3,412,723,022","14,288,540,779","9,440,590,654",4.01% ,2.55% ,4.35% ,
04/10/22,09:00,"3,412,736,997","14,288,581,118","9,440,684,128",4.01% ,2.55% ,4.35% ,
04/10/22,10:00,"3,412,753,191","14,288,617,728","9,440,664,396",4.01% ,2.55% ,4.35% ,
04/10/22,11:00,"3,412,769,991","14,288,647,500","9,440,701,322",4.01% ,2.55% ,4.35% ,
04/10/22,12:00,"3,412,785,761","14,288,688,921","9,440,748,899",4.01% ,2.55% ,4.35% ,
04/10/22,13:00,"3,412,801,787","14,288,728,894","9,440,699,134",4.01% ,2.55% ,4.35% ,
04/10/22,14:00,"3,412,818,329","14,288,768,518","9,440,747,135",4.01% ,2.55% ,4.35% ,
04/10/22,15:00,"3,412,834,931","14,288,807,471","9,440,795,748",4.01% ,2.55% ,4.35% ,
04/10/22,16:00,"3,412,852,404","14,288,849,075","9,440,840,836",4.01% ,2.55% ,4.35% ,
04/10/22,17:00,"3,412,870,217","14,288,888,301","9,440,901,020",4.01% ,2.55% ,4.35% ,
04/10/22,18:00,"3,412,885,327","14,288,927,614","9,440,819,903",4.01% ,2.55% ,4.35% ,
04/10/22,19:00,"3,412,903,152","14,288,967,854","9,440,866,005",4.01% ,2.55% ,4.35% ,
04/10/22,20:00,"3,412,809,897","14,289,014,231","9,441,046,629",4.01% ,2.55% ,4.35% ,
04/10/22,21:00,"3,412,826,093","14,289,008,184","9,441,092,341",4.01% ,2.55% ,4.35% ,
04/10/22,22:00,"3,412,842,116","14,289,048,981","9,441,654,285",4.01% ,2.55% ,4.35% ,
04/10/22,23:00,"3,412,860,177","14,289,093,113","9,441,698,411",4.01% ,2.55% ,4.35% ,
04/11/22,00:00,"3,412,874,079","14,289,133,808","9,441,756,069",4.01% ,2.55% ,4.35% ,
04/11/22,01:00,"3,413,295,819","14,289,174,796","9,441,860,781",4.01% ,2.55% ,4.35% ,
04/11/22,02:00,"3,413,312,446","14,289,210,548","9,442,498,933",4.01% ,2.55% ,4.35% ,
04/11/22,03:00,"3,413,327,365","14,289,175,910","9,442,750,169",4.01% ,2.55% ,4.35% ,
04/11/22,04:00,"3,413,343,213","14,289,218,542","9,442,820,857",4.01% ,2.55% ,4.35% ,
04/11/22,05:00,"3,413,418,420","14,289,260,753","9,443,096,882",4.01% ,2.55% ,4.35% ,
04/11/22,06:00,"3,413,433,722","14,289,302,636","9,443,228,386",4.01% ,2.55% ,4.35% ,
04/11/22,07:00,"3,413,448,354","14,289,343,754","9,443,326,803",4.01% ,2.55% ,4.35% ,
04/11/22,08:00,"3,413,464,661","14,289,494,724","9,443,372,926",4.01% ,2.55% ,4.35% ,
04/11/22,09:00,"3,413,478,584","14,289,538,538","9,443,419,356",4.01% ,2.55% ,4.35% ,
04/11/22,10:00,"3,424,420,673","14,289,472,976","9,443,572,693",4% ,2.55% ,4.35% ,
04/11/22,11:00,"3,424,436,401","14,289,514,612","9,443,629,495",4% ,2.55% ,4.35% ,
04/11/22,12:00,"3,424,452,359","14,289,558,087","9,443,512,230",4% ,2.55% ,4.35% ,
04/11/22,13:00,"3,424,470,861","14,289,601,365","9,443,554,617",4% ,2.55% ,4.35% ,
04/11/22,14:00,"3,424,487,950","14,289,643,444","9,443,620,277",4% ,2.55% ,4.35% ,
04/11/22,15:00,"3,424,502,664","14,289,686,470","9,443,666,705",4% ,2.55% ,4.35% ,
04/11/22,16:00,"3,424,519,270","14,289,723,909","9,443,716,826",4% ,2.55% ,4.35% ,
04/11/22,17:00,"3,424,534,557","14,289,768,841","9,444,104,514",4% ,2.55% ,4.35% ,
04/11/22,18:00,"3,424,550,786","14,289,811,487","9,444,324,822",4% ,2.55% ,4.35% ,
04/11/22,19:00,"3,424,567,145","14,289,852,626","9,444,371,491",4% ,2.55% ,4.35% ,
04/11/22,20:00,"3,424,582,160","14,289,893,148","9,444,419,240",4% ,2.55% ,4.35% ,
04/11/22,21:00,"3,424,596,161","14,289,937,631","9,444,483,646",4% ,2.55% ,4.35% ,
04/11/22,22:00,"3,424,611,913","14,289,976,581","9,444,579,119",4% ,2.55% ,4.35% ,
04/11/22,23:00,"3,424,581,626","14,290,018,654","9,444,624,003",4% ,2.55% ,4.35% ,
04/12/22,00:00,"3,424,597,131","14,290,059,419","9,444,786,751",4% ,2.55% ,4.35% ,
04/12/22,01:00,"3,424,610,888","14,290,034,026","9,444,834,692",4% ,2.55% ,4.35% ,
04/12/22,02:00,"3,424,628,725","14,290,069,446","9,445,192,736",4% ,2.55% ,4.35% ,
04/12/22,03:00,"3,424,644,294","14,290,114,424","9,445,236,356",4% ,2.55% ,4.35% ,
04/12/22,04:00,"3,424,657,786","14,290,160,011","9,446,373,192",4% ,2.55% ,4.35% ,
04/12/22,05:00,"3,424,672,990","14,290,204,566","9,446,417,600",4% ,2.55% ,4.35% ,
04/12/22,06:00,"3,424,690,564","14,290,245,569","9,446,463,189",4% ,2.55% ,4.35% ,
04/12/22,07:00,"3,424,705,307","14,290,289,094","9,446,509,088",4% ,2.55% ,4.35% ,
04/12/22,08:00,"3,424,719,956","14,290,327,948","9,446,559,752",4% ,2.55% ,4.35% ,
04/12/22,09:00,"3,424,785,273","14,290,368,216","9,446,632,566",4% ,2.55% ,4.35% ,
04/12/22,10:00,"3,424,802,523","14,290,407,184","9,446,700,509",4% ,2.55% ,4.35% ,
04/12/22,11:00,"3,424,819,469","14,290,446,932","9,446,747,982",4% ,2.55% ,4.35% ,
04/12/22,12:00,"3,424,833,551","14,290,487,372","9,446,797,626",4% ,2.55% ,4.35% ,
04/12/22,13:00,"3,424,851,404","14,290,529,212","9,446,842,100",4% ,2.55% ,4.35% ,
04/12/22,14:00,"3,424,865,858","14,290,545,096","9,446,889,928",4% ,2.55% ,4.35% ,
04/12/22,15:00,"3,424,882,291","14,290,588,501","9,446,934,258",4% ,2.55% ,4.35% ,
04/12/22,16:00,"3,424,898,474","14,290,631,994","9,446,978,747",4% ,2.55% ,4.35% ,
04/12/22,17:00,"3,424,913,931","14,290,678,297","9,447,021,154",4% ,2.55% ,4.35% ,
04/12/22,18:00,"3,424,929,220","14,290,718,997","9,447,069,332",4% ,2.55% ,4.35% ,
04/12/22,19:00,"3,424,945,227","14,290,761,398","9,447,115,091",4% ,2.55% ,4.35% ,
04/12/22,20:00,"3,424,962,008","14,290,807,206","9,447,156,668",4% ,2.55% ,4.35% ,
04/12/22,21:00,"3,424,976,599","14,290,852,435","9,446,029,016",4% ,2.55% ,4.35% ,
04/12/22,22:00,"3,424,991,193","14,290,891,853","9,446,079,169",4% ,2.55% ,4.35% ,
04/12/22,23:00,"3,425,006,855","14,290,931,404","9,446,128,123",4% ,2.55% ,4.35% ,
04/13/22,00:00,"3,425,023,156","14,290,974,492","9,446,437,300",4% ,2.55% ,4.35% ,
04/13/22,01:00,"3,425,037,234","14,291,015,596","9,446,416,357",4% ,2.55% ,4.35% ,
04/13/22,02:00,"3,425,054,199","14,291,055,676","9,446,463,478",4% ,2.55% ,4.35% ,
04/13/22,03:00,"3,425,069,242","14,291,095,941","9,446,650,290",4% ,2.55% ,4.35% ,
04/13/22,04:00,"3,425,085,490","14,291,134,777","9,448,100,538",4% ,2.55% ,4.35% ,
04/13/22,05:00,"3,425,100,804","14,291,171,243","9,448,152,924",4% ,2.55% ,4.35% ,
04/13/22,06:00,"3,425,115,511","14,291,213,913","9,448,199,714",4% ,2.55% ,4.35% ,
04/13/22,07:00,"3,425,130,623","14,291,253,610","9,448,249,072",4% ,2.55% ,4.35% ,
04/13/22,08:00,"3,425,146,304","14,291,296,551","9,447,387,454",4% ,2.55% ,4.35% ,
04/13/22,09:00,"3,425,161,788","14,291,338,918","9,447,395,925",4% ,2.55% ,4.35% ,
04/13/22,10:00,"3,425,176,914","14,291,383,055","9,447,537,633",4% ,2.55% ,4.35% ,
04/13/22,11:00,"3,425,192,519","14,291,424,671","9,449,021,737",4% ,2.55% ,4.35% ,
04/13/22,12:00,"3,425,207,851","14,291,465,729","9,449,072,686",4% ,2.55% ,4.35% ,
04/13/22,13:00,"3,425,222,136","14,291,507,144","9,449,121,153",4% ,2.55% ,4.35% ,
04/13/22,14:00,"3,425,551,127","14,291,547,887","9,449,170,650",4% ,2.55% ,4.35% ,
04/13/22,15:00,"3,425,567,198","14,291,588,438","9,449,767,298",4% ,2.55% ,4.34% ,
04/13/22,16:00,"3,425,583,701","14,291,630,701","9,449,812,699",4% ,2.55% ,4.34% ,
04/13/22,17:00,"3,425,599,691","14,291,674,596","9,449,708,981",4% ,2.55% ,4.34% ,
04/13/22,18:00,"3,425,616,373","14,291,718,797","9,450,353,219",4% ,2.55% ,4.34% ,
04/13/22,19:00,"3,425,633,420","14,291,761,192","9,450,397,944",4% ,2.55% ,4.34% ,
04/13/22,20:00,"3,425,649,405","14,291,301,508","9,450,555,401",4% ,2.55% ,4.34% ,
04/13/22,21:00,"3,425,666,457","14,291,339,740","9,450,629,416",4% ,2.55% ,4.34% ,
04/13/22,22:00,"3,425,679,674","14,291,600,275","9,450,677,225",4% ,2.55% ,4.34% ,
04/13/22,23:00,"3,425,696,923","14,291,637,164","9,450,727,253",4% ,2.55% ,4.34% ,
04/14/22,00:00,"3,425,711,837","14,291,456,791","9,451,063,516",4% ,2.55% ,4.34% ,
04/14/22,01:00,"3,425,726,262","14,291,500,087","9,451,109,961",4% ,2.55% ,4.34% ,
04/14/22,02:00,"3,425,742,841","14,291,540,110","9,451,157,526",4% ,2.55% ,4.34% ,
04/14/22,03:00,"3,425,759,502","14,291,581,766","9,451,203,375",4% ,2.55% ,4.34% ,
04/14/22,04:00,"3,425,773,033","14,291,622,170","9,451,253,608",4% ,2.55% ,4.34% ,
04/14/22,05:00,"3,425,790,947","14,291,661,979","9,451,300,051",4% ,2.55% ,4.34% ,
04/14/22,06:00,"3,425,805,625","14,291,704,523","9,451,346,995",4% ,2.55% ,4.34% ,
04/14/22,07:00,"3,425,821,379","14,291,743,126","9,451,397,305",4% ,2.55% ,4.34% ,
04/14/22,09:52,"3,426,369,552","14,291,869,144","9,451,969,237",4% ,2.55% ,4.34% ,
04/14/22,10:00,"3,426,369,552","14,291,869,144","9,451,969,237",4% ,2.55% ,4.34% ,
04/14/22,11:00,"3,426,385,365","14,291,913,247","9,452,014,737",4% ,2.55% ,4.34% ,
04/14/22,12:00,"3,426,403,393","14,291,957,420","9,452,305,704",4% ,2.55% ,4.34% ,
04/14/22,13:00,"3,426,420,418","14,292,071,005","9,452,358,826",4% ,2.55% ,4.34% ,
04/14/22,14:00,"3,426,436,023","14,292,112,731","9,452,405,663",4% ,2.55% ,4.34% ,
04/14/22,15:00,"3,426,450,266","14,292,153,236","9,452,455,081",4% ,2.55% ,4.34% ,
04/14/22,16:00,"3,426,467,250","14,292,194,210","9,452,501,290",4% ,2.55% ,4.34% ,
04/14/22,17:00,"3,426,481,603","14,292,238,546","9,452,546,766",4% ,2.55% ,4.34% ,
04/14/22,18:00,"3,426,495,180","14,292,284,216","9,452,700,877",4% ,2.55% ,4.34% ,
04/14/22,19:00,"3,426,511,774","14,292,340,897","9,452,746,769",4% ,2.55% ,4.34% ,
04/14/22,20:00,"3,426,527,391","14,292,169,179","9,452,904,351",4% ,2.55% ,4.34% ,
04/14/22,21:00,"3,426,543,584","14,292,206,999","9,453,054,936",4% ,2.55% ,4.34% ,
04/14/22,22:00,"3,426,589,754","14,292,247,777","9,453,103,406",4% ,2.55% ,4.34% ,
04/14/22,23:00,"3,426,606,005","14,292,287,032","9,453,152,066",4% ,2.55% ,4.34% ,
04/15/22,00:00,"3,426,622,406","14,292,326,040","9,453,200,824",4% ,2.55% ,4.34% ,
04/15/22,01:00,"3,426,637,991","14,292,367,222","9,453,253,223",4% ,2.55% ,4.34% ,
04/15/22,02:00,"3,426,655,179","14,292,407,127","9,453,300,297",4% ,2.55% ,4.34% ,
04/15/22,03:00,"3,426,671,169","14,292,449,138","9,453,398,463",4% ,2.55% ,4.34% ,
04/15/22,04:00,"3,426,688,235","14,292,488,169","9,453,446,532",4% ,2.55% ,4.34% ,
04/15/22,05:00,"3,426,705,503","14,292,527,822","9,453,512,778",4% ,2.55% ,4.34% ,
04/15/22,06:00,"3,426,722,946","14,292,571,683","9,453,576,100",4% ,2.55% ,4.34% ,
04/15/22,07:00,"3,426,736,625","14,292,614,643","9,453,623,628",4% ,2.55% ,4.34% ,
04/15/22,08:00,"3,426,752,477","14,292,657,725","9,453,668,860",4% ,2.55% ,4.34% ,
04/15/22,09:00,"3,426,769,056","14,292,698,838","9,453,715,334",4% ,2.55% ,4.34% ,
04/15/22,10:00,"3,426,783,738","14,292,739,147","9,454,168,089",4% ,2.55% ,4.34% ,
04/15/22,11:00,"3,426,798,334","14,292,780,899","9,454,215,907",4% ,2.55% ,4.34% ,
